884,1,7348,-1,1387429200
885,1,7425,-1,1336795200
886,1,7557,-1,1312516800
887,1,7589,-1,1305000000
1277,2,11,-5,1411963200
1278,2,7508,-5,1306468800
1279,2,7552,-5,1411963200
1280,2,7500,-10,1345694400
1281,2,7482,-10,1345694400
1282,2,7583,-10,1341115200
1283,2,798,-10,1339387200
1284,2,7577,-10,1333339200
1285,2,7603,-10,1411963200
1535,33,3,-2,1365739200
1777,3,172,-1,1394942400
1778,3,7604,-10,1398312000
2185,4,231,-1,1311220800
2186,4,7589,-1,1305000000
2187,4,7569,-1,1304395200
2188,4,7582,-1,1304740800
2189,4,211,-5,1343620800
2190,4,7596,-10,1308024000
2334,7531,5,-10,1393390800
2463,5,7568,-1,1398744000
2464,5,1551,-1,1390021200
2465,5,1176,-1,1389157200
2466,5,2397,-1,1385355600
2467,5,7559,-5,1394510400
2468,5,2408,-8,1399262400
2469,5,7578,-10,1409716800
2470,5,7591,-10,1409716800
2471,5,416,-10,1408334400
2472,5,7503,-10,1408334400
2473,5,7480,-10,1408161600
2474,5,2336,-10,1408161600
2475,5,7479,-10,1408161600
2476,5,7510,-10,1407988800
2477,5,7532,-10,1407988800
2478,5,7522,-10,1407988800
2479,5,7523,-10,1407988800
2480,5,338,-10,1407988800
2481,5,7544,-10,1407988800
2482,5,11,-10,1395806400
2483,5,7406,-10,1394596800
2484,5,7447,-10,1408334400
2485,5,7521,-10,1393304400
2486,5,7477,-10,1390021200
2487,5,384,-10,1387602000
2488,5,7575,-10,1387602000
2489,5,255,-10,1387342800
2490,5,7550,-10,1387083600
2491,5,3516,-10,1386997200
2492,5,7423,-10,1385960400
2493,5,7485,-10,1385614800
2494,5,759,-10,1385528400
2495,5,946,-10,1385442000
2496,5,7585,-10,1385096400
2497,5,7563,-10,1385096400
2498,5,3133,-10,1384578000
2499,5,7433,-10,1384578000
2500,5,7516,-10,1383886800
2501,5,7380,-10,1382846400
2502,5,197,-10,1385960400
2503,5,7457,-10,1372392000
2504,5,3254,-10,1385874000
2505,5,314,-10,1369800000
2506,5,7514,-10,1391576400
2784,6,177,-2,1394683200
2785,6,7552,-10,1393390800
2786,6,7604,-10,1364788800
2787,6,90,-10,1362114000
2788,6,7554,-10,1362974400
2789,6,7587,-10,1307937600
2973,2358,7,-1,1367121600
2974,321,7,-2,1398744000
2975,2408,7,-10,1398744000
2976,7602,7,-10,1374206400
2977,7601,7,-10,1374206400
2978,7599,7,-10,1374206400
2979,7598,7,-10,1374206400
2980,7604,7,-10,1374206400
2981,7594,7,-10,1357880400
3151,7,7540,-1,1352782800
3152,7,2408,-2,1398657600
3153,7,7425,-2,1336795200
3154,7,7591,-3,1409198400
3155,7,7501,-3,1348200000
3156,7,536,-4,1377921600
3157,7,43,-4,1359435600
3158,7,7554,-5,1362974400
3159,7,7528,-5,1349582400
3160,7,7588,-5,1357189200
3161,7,7442,-6,1340683200
3162,7,7568,-8,1399867200
3163,7,7516,-8,1383886800
3164,7,11,-8,1397016000
3165,7,7567,-9,1386565200
3166,7,7585,-9,1385269200
3167,7,7595,-9,1366948800
3168,7,7504,-9,1340942400
3169,7,7398,-10,1398657600
3170,7,7507,-10,1385010000
3171,7,7558,-10,1385010000
3172,7,7604,-10,1374206400
3173,7,177,-10,1371441600
3174,7,7602,-10,1364270400
3175,7,244,-10,1393563600
3176,7,7574,-10,1360645200
3177,7,7594,-10,1357880400
3178,7,7586,-10,1351656000
3179,7,7590,-10,1350360000
3180,7,7484,-10,1347940800
3181,7,7513,-10,1347940800
3182,7,7506,-10,1347940800
3183,7,7417,-10,1347940800
3184,7,7505,-10,1347681600
3185,7,7483,-10,1347681600
3186,7,7535,-10,1347681600
3187,7,142,-10,1368331200
3188,7,7600,-10,1406692800
3189,7,7566,-10,1335844800
3190,7,1760,-10,1398571200
3438,8,650,-1,1408680000
3439,8,395,-1,1406174400
3440,8,401,-1,1406088000
3441,8,372,-1,1405742400
3442,8,7512,-1,1404273600
3443,8,707,-1,1402372800
3444,8,148,-1,1402200000
3445,8,309,-1,1401681600
3446,8,1068,-1,1400990400
3447,8,602,-1,1400990400
3448,8,225,-1,1400212800
3449,8,3369,-1,1399867200
3450,8,597,-1,1399521600
3451,8,242,-1,1399262400
3452,8,189,-1,1399176000
3453,8,393,-1,1399176000
3454,8,319,-1,1398830400
3455,8,591,-1,1398571200
3456,8,1043,-1,1398052800
3457,8,599,-1,1398052800
3458,8,547,-1,1398052800
3459,8,739,-1,1397966400
3460,8,752,-1,1397966400
3461,8,883,-1,1396238400
3462,8,592,-1,1395720000
3463,8,457,-1,1395633600
3464,8,1346,-1,1395633600
3465,8,1794,-1,1395633600
3466,8,879,-1,1395633600
3467,8,812,-1,1395633600
3468,8,317,-1,1395633600
3469,8,147,-1,1395633600
3470,8,347,-1,1395547200
3471,8,519,-1,1395547200
3472,8,268,-1,1395547200
3473,8,2395,-1,1395460800
3474,8,360,-1,1395460800
3475,8,107,-1,1395460800
3476,8,452,-1,1395460800
3477,8,585,-1,1395460800
3478,8,204,-1,1395374400
3479,8,427,-1,1395288000
3480,8,7352,-1,1393304400
3481,8,7362,-1,1392958800
3482,8,7361,-1,1392958800
3483,8,1579,-1,1392613200
3484,8,7359,-1,1392354000
3485,8,7360,-1,1392354000
3486,8,7358,-1,1392354000
3487,8,7496,-1,1392181200
3488,8,7382,-1,1392181200
3489,8,7357,-1,1392094800
3490,8,7354,-1,1392094800
3491,8,7356,-1,1392094800
3492,8,7355,-1,1392094800
3493,8,7353,-1,1392094800
3494,8,7489,-1,1393304400
3495,8,7487,-1,1393304400
3496,8,7495,-1,1392008400
3497,8,7494,-1,1392008400
3498,8,7493,-1,1392008400
3499,8,7492,-1,1392008400
3500,8,7491,-1,1392008400
3501,8,7490,-1,1392008400
3502,8,7486,-1,1392008400
3503,8,7488,-1,1392008400
3504,8,382,-1,1391490000
3505,8,7351,-1,1390712400
3506,8,7350,-1,1390712400
3507,8,1883,-1,1390626000
3508,8,2354,-1,1390453200
3509,8,4721,-1,1390021200
3510,8,1856,-1,1389934800
3511,8,2821,-1,1389675600
3512,8,3129,-1,1388725200
3513,8,4017,-1,1387861200
3514,8,209,-1,1404792000
3515,8,593,-1,1387688400
3516,8,617,-1,1387602000
3517,8,130,-1,1387515600
3518,8,78,-1,1387256400
3519,8,214,-1,1387083600
3520,8,3516,-1,1386997200
3521,8,331,-1,1386997200
3522,8,304,-1,1386824400
3523,8,2031,-1,1386824400
3524,8,969,-1,1386824400
3525,8,1179,-1,1386824400
3526,8,702,-1,1386824400
3527,8,492,-1,1386824400
3528,8,7328,-1,1386651600
3529,8,1195,-1,1386565200
3530,8,758,-1,1386306000
3531,8,229,-1,1386219600
3532,8,780,-1,1385874000
3533,8,1104,-1,1385874000
3534,8,5446,-1,1385874000
3535,8,1502,-1,1385874000
3536,8,4934,-1,1385874000
3537,8,7485,-1,1385874000
3538,8,665,-1,1385874000
3539,8,7423,-1,1385874000
3540,8,7345,-1,1385614800
3541,8,1584,-1,1385614800
3542,8,6792,-1,1385614800
3543,8,527,-1,1385614800
3544,8,7347,-1,1385614800
3545,8,649,-1,1401854400
3546,8,754,-1,1406692800
3547,8,885,-1,1387083600
3548,8,696,-1,1395547200
3549,8,1162,-1,1395288000
3550,8,1322,-1,1403496000
3551,8,52,-1,1389589200
3552,8,265,-1,1395460800
3553,8,5679,-2,1395633600
3554,8,7381,-2,1390021200
3555,8,7575,-2,1387602000
3556,8,613,-2,1388638800
3557,8,7603,-5,1394596800
3558,8,7507,-5,1385528400
3559,8,7558,-5,1385528400
3560,8,7408,-5,1385528400
3561,8,7552,-8,1394596800
3562,8,7475,-10,1386824400
3563,8,7474,-10,1386738000
3564,8,7543,-10,1386651600
3565,8,7567,-10,1386565200
3566,8,7542,-10,1386565200
3567,8,7470,-10,1385874000
3568,8,7459,-10,1385874000
3569,8,7472,-10,1385874000
3570,8,7471,-10,1385874000
3571,8,7435,-10,1384232400
3572,8,7412,-10,1384232400
3573,8,7597,-10,1376884800
3697,824,9,-2,1401681600
3698,7518,9,-2,1350100800
3699,1743,9,-2,1328331600
3700,185,9,-3,1331870400
3701,26,9,-5,1379304000
3702,681,9,-5,1320642000
3703,7565,9,-10,1344916800
3827,9,7568,-1,1398744000
3828,9,287,-1,1354078800
3829,9,7518,-1,1350100800
3830,9,7600,-1,1347422400
3831,9,1292,-1,1324011600
3832,9,409,-1,1365220800
3833,9,681,-1,1320465600
3834,9,1472,-1,1316664000
3835,9,7565,-5,1348372800
3836,9,7387,-5,1331524800
3837,9,7602,-10,1364270400
3838,9,7601,-10,1364270400
3839,9,7334,-10,1364184000
3840,9,7537,-10,1348804800
3841,9,798,-10,1337832000
3842,9,7534,-10,1331611200
3843,9,7564,-10,1319083200
4002,15,10,-10,1360472400
4164,10,113,-1,1369800000
4165,10,7595,-1,1366603200
4166,10,327,-1,1352696400
4167,10,117,-1,1335672000
4168,10,798,-1,1337832000
4169,10,7399,-2,1407556800
4170,10,613,-2,1388638800
4171,10,177,-3,1369800000
4172,10,7577,-5,1332734400
4173,10,15,-10,1365307200
4174,10,7564,-10,1307764800
4352,188,11,-1,1407556800
4353,32,11,-1,1397016000
4354,24,11,-1,1394168400
4355,96,11,-1,1417064400
4356,15,11,-1,1358312400
4357,164,11,-2,1393390800
4358,31,11,-2,1407556800
4359,647,11,-3,1417755600
4360,19,11,-5,1412913600
4361,63,11,-5,1358312400
4362,70,11,-5,1358398800
4363,85,11,-7,1418360400
4364,58,11,-8,1418533200
4365,174,11,-10,1406692800
4366,191,11,-10,1400990400
4367,125,11,-10,1417582800
4368,26,11,-10,1397016000
4542,11,6878,-10,1392094800
4543,11,7445,-10,1384405200
4544,11,7597,-10,1376280000
4545,11,7525,-10,1374984000
4546,11,85,-10,1393736400
4547,11,7595,-10,1367812800
4548,11,7588,-10,1353646800
4549,11,7538,-10,1351656000
4550,11,680,-10,1351656000
4551,11,183,-10,1342843200
4552,11,7583,-10,1339387200
4553,11,177,-10,1374984000
4554,11,7593,-10,1334980800
4555,11,7564,-10,1333425600
4556,11,7499,-10,1333080000
4557,11,7577,-10,1332734400
4558,11,7573,-10,1331442000
4559,11,798,-10,1336363200
4560,11,7592,-10,1327986000
4561,11,4910,-10,1322197200
4809,12,826,-1,1414990800
4919,430,13,-10,1392526800
4920,7517,13,-10,1348545600
4921,5533,13,-10,1348545600
4922,7565,13,-10,1348545600
5032,13,430,-1,1393736400
5033,13,517,-1,1387947600
5034,13,7549,-1,1352091600
5035,13,7478,-10,1394168400
5036,13,7550,-10,1386997200
5037,13,7514,-10,1381896000
5038,13,7429,-10,1356757200
5039,13,68,-10,1412654400
5040,13,7603,-10,1351137600
5041,13,7565,-10,1344916800
5042,13,487,-10,1359090000
5135,35,14,-1,1366171200
5136,15,14,-10,1362027600
5227,14,15,-10,1364443200
5337,7386,15,-1,1433304000
5338,85,15,-1,1417928400
5339,1921,15,-1,1360472400
5340,188,15,-1,1333857600
5341,5342,15,-2,1360558800
5342,145,15,-2,1367208000
5343,47,15,-10,1432526400
5344,7518,15,-10,1360645200
5492,15,7335,-1,1451538000
5493,15,7330,-1,1443067200
5494,15,7321,-1,1439697600
5495,15,3372,-1,1438920000
5496,15,7312,-1,1434945600
5497,15,3428,-1,1426564800
5498,15,400,-1,1423458000
5499,15,19,-1,1422075600
5500,15,47,-1,1419310800
5501,15,85,-1,1417064400
5502,15,7368,-1,1417669200
5503,15,801,-1,1412308800
5504,15,7366,-1,1412913600
5505,15,7560,-1,1409630400
5506,15,7393,-1,1417064400
5507,15,55,-1,1407729600
5508,15,185,-1,1406692800
5509,15,3369,-1,1417064400
5510,15,80,-1,1401595200
5511,15,7552,-1,1398312000
5512,15,1249,-1,1417064400
5513,15,374,-1,1397361600
5514,15,7415,-1,1385787600
5515,15,491,-1,1353733200
5516,15,7400,-1,1348804800
5517,15,7580,-1,1348545600
5518,15,7603,-1,1346126400
5519,15,369,-3,1386997200
5520,15,7379,-3,1385787600
5521,15,7577,-3,1331784000
5522,15,200,-10,1449723600
5523,15,31,-10,1432872000
5524,15,469,-10,1431489600
5525,15,7562,-10,1431057600
5526,15,113,-10,1416027600
5527,15,267,-10,1374033600
5528,15,7518,-10,1360645200
5529,15,5342,-10,1360645200
5530,15,1921,-10,1360472400
5531,15,176,-10,1351915200
5532,15,188,-10,1333857600
5533,15,145,-10,1406174400
5754,16,7438,-1,1305604800
5755,16,80,-2,1386738000
5756,16,7587,-10,1307592000
5858,1497,17,-1,1337313600
5961,17,7410,-10,1338868800
6200,86,19,-1,1402632000
6201,2336,19,-5,1399176000
6290,19,86,-1,1402632000
6291,19,2336,-3,1398830400
6292,19,7446,-10,1387515600
6293,19,7585,-10,1385010000
6294,19,7563,-10,1385010000
6384,20,177,-1,1353906000
6385,20,7565,-2,1342929600
6386,20,7577,-5,1332734400
6387,20,7547,-10,1314504000
6639,7579,22,-1,1333857600
6640,170,22,-2,1365912000
6762,22,7513,-1,1347681600
6763,22,170,-2,1330491600
6764,22,7600,-3,1347681600
6765,22,7583,-3,1338264000
6766,22,7579,-3,1347681600
6767,22,7565,-4,1348545600
6768,22,7483,-4,1347681600
6769,22,7580,-5,1349841600
6770,22,7535,-5,1347681600
6771,22,7603,-5,1347854400
6772,22,7593,-5,1334289600
6773,22,7555,-10,1353474000
7052,24,7565,-1,1348545600
7053,24,7600,-1,1347854400
7054,24,798,-1,1358744400
7055,24,7377,-5,1394168400
7056,24,190,-5,1410235200
7057,24,7548,-10,1371096000
7058,24,90,-10,1362546000
7246,25,7548,-1,1349150400
7247,25,177,-1,1374206400
7248,25,7593,-10,1334635200
7368,2336,26,-1,1418101200
7369,59,26,-1,1387947600
7370,2358,26,-3,1367121600
7371,7598,26,-10,1374206400
7372,7602,26,-10,1374206400
7485,26,7579,-2,1340164800
7486,26,7578,-10,1378008000
7487,26,177,-10,1372305600
7488,26,7604,-10,1366430400
7489,26,7602,-10,1365566400
7490,26,816,-10,1370836800
7491,26,7603,-10,1347336000
7724,28,7561,-10,1309233600
7851,29,177,-4,1380772800
8019,30,7558,-1,1384837200
8020,30,686,-1,1347336000
8021,30,1517,-1,1345176000
8022,30,7391,-5,1382068800
8023,30,7380,-5,1381723200
8024,30,177,-5,1367121600
8025,30,7595,-6,1368244800
8026,30,7565,-10,1400040000
8027,30,7341,-10,1378872000
8028,30,7421,-10,1377835200
8029,30,623,-10,1375416000
8030,30,7579,-10,1369972800
8031,30,314,-10,1369800000
8032,30,7432,-10,1368936000
8033,30,1103,-10,1368417600
8034,30,256,-10,1368417600
8035,30,142,-10,1368331200
8036,30,285,-10,1368244800
8037,30,119,-10,1368158400
8038,30,7600,-10,1364961600
8039,30,7604,-10,1364184000
8040,30,296,-10,1408766400
8041,30,7603,-10,1359003600
8042,30,5533,-10,1348545600
8043,30,7517,-10,1348545600
8044,30,7536,-10,1348545600
8096,2336,31,-1,1432872000
8097,82,31,-1,1407297600
8098,222,31,-1,1405828800
8136,31,177,-10,1374206400
8253,32,177,-1,1372824000
8254,32,7583,-1,1339387200
8255,32,798,-1,1337227200
8256,32,796,-1,1339387200
8473,33,798,-3,1339041600
8474,33,7499,-5,1333080000
8475,33,7604,-9,1366257600
8593,34,7597,-10,1376452800
8667,85,35,-5,1419224400
8682,35,7384,-1,1414990800
8683,35,7562,-1,1366171200
8684,35,279,-1,1413518400
8685,35,70,-1,1348545600
8686,35,7415,-5,1407729600
8687,35,80,-5,1378267200
8688,35,801,-5,1372392000
8689,35,7580,-5,1350878400
8690,35,85,-5,1419224400
8751,95,36,-10,1417928400
8813,36,840,-1,1377576000
8814,36,95,-10,1417928400
8815,36,7597,-10,1376280000
8887,37,7371,-8,1309320000
8888,37,7564,-10,1309233600
8889,37,7448,-10,1309320000
9006,38,7579,-1,1340164800
9007,38,7454,-10,1326344400
9008,38,7456,-10,1328418000
9097,39,7604,-10,1364875200
9098,39,7533,-10,1308024000
9287,7565,41,-10,1344916800
9408,42,7438,-10,1305864000
9409,42,7582,-10,1305086400
9471,370,43,-10,1352869200
9530,43,113,-1,1394596800
9531,43,5392,-1,1345262400
9532,43,177,-1,1373428800
9533,43,7588,-2,1346299200
9534,43,7378,-3,1347681600
9535,43,370,-3,1342065600
9536,43,7555,-5,1353387600
9537,43,173,-10,1406606400
9538,43,7602,-10,1364270400
9539,43,7601,-10,1364270400
9540,43,7598,-10,1364270400
9541,43,7599,-10,1364270400
9542,43,7604,-10,1364270400
9543,43,7600,-10,1364184000
9544,43,7584,-10,1359003600
9545,43,7583,-10,1348891200
9546,43,7501,-10,1348286400
9547,43,7426,-10,1348113600
9548,43,7484,-10,1347940800
9549,43,7506,-10,1347940800
9550,43,7417,-10,1347940800
9551,43,7505,-10,1347681600
9552,43,7513,-10,1347681600
9553,43,7483,-10,1347681600
9554,43,7535,-10,1347681600
9686,7564,45,-10,1308196800
9742,45,681,-1,1326517200
9743,45,7395,-10,1308196800
9744,45,7520,-10,1308024000
9745,45,7571,-10,1308024000
9746,45,7576,-10,1308024000
9747,45,7564,-10,1307678400
9748,45,7589,-10,1305777600
9796,7586,46,-10,1351569600
9847,46,7550,-3,1386997200
9848,46,7586,-10,1351656000
9889,47,7602,-10,1364356800
9890,47,7599,-10,1364356800
9891,47,7598,-10,1364356800
9892,47,7604,-10,1364270400
9997,48,7511,-3,1304654400
9998,48,7604,-10,1365566400
10093,49,7525,-1,1376280000
10094,49,177,-1,1368417600
10095,49,7563,-10,1385096400
10096,49,7585,-10,1385096400
10097,49,7597,-10,1376280000
10296,51,176,-1,1352955600
10297,51,7580,-10,1352955600
10298,51,7573,-10,1331442000
10299,51,7592,-10,1327986000
10300,51,7526,-10,1326344400
10394,52,7603,-10,1347249600
10395,52,798,-10,1337400000
10452,53,7588,-5,1357189200
10453,53,124,-5,1376366400
10454,53,7595,-8,1366862400
10455,53,7545,-10,1410062400
10456,53,754,-10,1407124800
10457,53,7512,-10,1405224000
10458,53,177,-10,1402286400
10459,53,7463,-10,1356066000
10460,53,7443,-10,1353214800
10492,2336,54,-7,1408075200
10525,54,7550,-1,1347076800
10526,54,7564,-10,1311048000
10555,824,55,-2,1408161600
10580,55,272,-10,1330146000
10800,7544,58,-10,1407988800
10801,338,58,-10,1407988800
10802,7531,58,-10,1393390800
10803,7521,58,-10,1393218000
10891,58,7349,-1,1410062400
10892,58,7514,-1,1407643200
10893,58,113,-1,1407556800
10894,58,92,-1,1416114000
10895,58,7422,-2,1408680000
10896,58,7578,-3,1410062400
10897,58,185,-3,1410062400
10898,58,7544,-5,1407988800
10899,58,338,-5,1407988800
10900,58,7522,-5,1407988800
10901,58,7523,-5,1407988800
10902,58,7532,-5,1407988800
10903,58,7510,-5,1407988800
10904,58,7600,-5,1407729600
10905,58,7604,-5,1407729600
10906,58,7552,-5,1410062400
10907,58,7591,-5,1410062400
10908,58,7531,-10,1393390800
10909,58,7521,-10,1393390800
10910,58,7434,-10,1371528000
10981,1482,60,-1,1325739600
10982,824,60,-2,1401681600
10997,60,7573,-10,1331442000
10998,60,7564,-10,1330491600
11077,61,7604,-10,1369368000
11143,62,7590,-10,1350187200
11195,63,7604,-10,1368849600
11196,63,7603,-10,1380772800
11197,63,177,-10,1380772800
11269,64,7365,-1,1410148800
11270,64,176,-1,1352091600
11271,64,7415,-2,1386392400
11345,65,7604,-1,1364270400
11346,65,7572,-10,1309924800
11347,65,7596,-10,1308196800
11348,65,7570,-10,1310097600
11402,66,7603,-2,1347336000
11518,125,68,-1,1412913600
11550,68,7602,-10,1364270400
11551,68,7601,-10,1364270400
11552,68,7599,-10,1364270400
11553,68,7598,-10,1364270400
11554,68,7600,-10,1364184000
11555,68,7334,-10,1364184000
11556,68,7604,-10,1364184000
11557,68,408,-10,1348200000
11619,229,69,-1,1369281600
11620,1569,69,-10,1370491200
11681,69,798,-1,1342152000
11682,69,7592,-10,1327986000
11712,491,70,-1,1352610000
11742,70,7580,-1,1349409600
11743,70,491,-1,1352610000
11744,70,7603,-1,1346040000
11745,70,7388,-1,1334030400
11746,70,7565,-1,1346040000
11816,362,72,-2,1411358400
11852,72,362,-3,1394168400
11894,2336,73,-1,1398830400
11895,188,73,-1,1361682000
11938,73,2336,-1,1398830400
11939,73,7595,-1,1364616000
11940,73,124,-1,1395633600
11941,73,7525,-10,1374465600
11942,73,177,-10,1374206400
11943,73,7604,-10,1364616000
11944,73,7464,-10,1355202000
12065,5342,76,-5,1352264400
12237,78,7526,-10,1325826000
12401,80,7599,-10,1364616000
12402,80,7598,-10,1364616000
12403,80,7604,-10,1364270400
12490,2336,82,-2,1407816000
12518,82,2336,-10,1407297600
12519,82,7591,-10,1409284800
12520,82,7568,-10,1400558400
12575,83,487,-3,1359090000
12576,83,7600,-8,1351310400
12577,83,7604,-10,1364184000
12578,83,7595,-10,1367899200
12579,83,7603,-10,1348459200
12621,5342,84,-3,1350964800
12708,192,85,-1,1419224400
12709,375,85,-1,1419224400
12710,337,85,-3,1419224400
12711,2336,85,-3,1419224400
12712,7579,85,-5,1340164800
12713,222,85,-10,1405828800
12769,85,375,-1,1419310800
12770,85,1322,-1,1403496000
12771,85,199,-1,1398398400
12772,85,703,-1,1387429200
12773,85,2336,-2,1419310800
12774,85,222,-2,1405656000
12775,85,7503,-3,1408334400
12776,85,882,-3,1370923200
12777,85,7602,-10,1364529600
12778,85,7601,-10,1364529600
12779,85,7599,-10,1364529600
12780,85,7598,-10,1364529600
12781,85,7334,-10,1364529600
12782,85,7604,-10,1364184000
12783,85,177,-10,1397016000
12784,85,7579,-10,1369972800
12838,86,7386,-1,1450501200
12839,86,469,-1,1421816400
12840,86,145,-1,1418878800
12841,86,3383,-1,1411790400
12842,86,7393,-1,1409025600
12843,86,7560,-1,1403755200
12844,86,7369,-2,1422939600
12845,86,7552,-10,1393390800
12923,87,133,-1,1390798800
12924,87,214,-1,1387083600
12925,87,491,-2,1401336000
12926,87,7415,-2,1386392400
12927,87,7552,-8,1395892800
12928,87,7591,-10,1410062400
12929,87,7473,-10,1386651600
12930,87,7542,-10,1386565200
12951,7419,88,-10,1384405200
12977,88,7559,-1,1392267600
12978,88,7328,-1,1386651600
12979,88,124,-1,1366344000
12980,88,7404,-5,1341720000
12981,88,7552,-7,1398312000
12982,88,185,-10,1418878800
12983,88,7543,-10,1386651600
12984,88,7419,-10,1384837200
12985,88,177,-10,1367726400
13023,7564,89,-10,1308542400
13058,89,7439,-10,1307851200
13059,89,7564,-10,1307764800
13088,227,90,-1,1362546000
13089,177,90,-4,1361595600
13118,90,7572,-10,1309924800
13154,91,7546,-10,1308542400
13187,174,92,-1,1372305600
13224,92,3774,-10,1366257600
13251,7550,93,-9,1374292800
13280,93,7342,-1,1370923200
13281,93,7515,-5,1369713600
13282,93,7469,-10,1378267200
13283,93,7550,-10,1374206400
13284,93,7468,-10,1372651200
13285,93,177,-10,1372564800
13379,125,95,-1,1417496400
13380,111,95,-1,1371528000
13381,145,95,-1,1355979600
13382,424,95,-1,1352869200
13383,2369,95,-10,1408680000
13384,7604,95,-10,1374206400
13385,7598,95,-10,1374206400
13386,7601,95,-10,1374206400
13387,7602,95,-10,1374206400
13388,7584,95,-10,1359003600
13458,95,7497,-1,1408939200
13459,95,103,-1,1401336000
13460,95,3134,-1,1365825600
13461,95,2257,-1,1363233600
13462,95,177,-1,1372305600
13463,95,7339,-1,1354078800
13464,95,145,-1,1355979600
13465,95,424,-1,1354510800
13466,95,124,-1,1355029200
13467,95,7580,-1,1349409600
13468,95,288,-2,1418360400
13469,95,125,-10,1412913600
13470,95,2369,-10,1408680000
13471,95,7602,-10,1374206400
13472,95,7601,-10,1374206400
13473,95,7599,-10,1374206400
13474,95,7598,-10,1374206400
13475,95,7604,-10,1409025600
13476,95,7574,-10,1360645200
13477,95,7581,-10,1359003600
13478,95,7584,-10,1359003600
13479,95,7600,-10,1391490000
13480,95,7548,-10,1360645200
13545,96,491,-4,1402372800
13546,96,7595,-10,1366862400
13593,97,7451,-1,1358658000
13665,641,99,-1,1367294400
13718,100,7604,-10,1364443200
13719,100,7603,-10,1370059200
13720,100,177,-10,1370059200
13773,7594,102,-10,1357880400
13774,7564,102,-10,1308542400
13795,102,7596,-1,1307332800
13796,102,7329,-1,1307246400
13797,102,7594,-10,1357880400
13798,102,7564,-10,1307764800
13878,491,104,-2,1408075200
13912,104,7603,-1,1401595200
13913,104,145,-2,1440734400
13914,104,7560,-3,1414990800
13915,104,491,-4,1408334400
13916,104,185,-5,1406692800
13917,104,801,-5,1383192000
13918,104,288,-10,1421643600
13919,104,7552,-10,1393304400
13970,105,613,-2,1388898000
13971,105,185,-4,1393563600
13972,105,7575,-10,1386133200
13973,105,7585,-10,1385269200
14046,106,7582,-10,1305000000
14161,5342,109,-5,1362200400
14253,111,7512,-1,1404187200
14254,111,7589,-3,1305000000
14255,111,7602,-10,1364529600
14256,111,7601,-10,1364529600
14257,111,7599,-10,1364529600
14258,111,7598,-10,1364529600
14259,111,7604,-10,1364529600
14260,111,7539,-10,1352350800
14308,824,113,-2,1396324800
14309,159,113,-5,1346904000
14310,1691,113,-10,1395115200
14331,113,7580,-10,1356757200
14332,113,7603,-10,1346644800
14359,165,114,-1,1409457600
14393,114,7370,-1,1453006800
14394,114,7310,-1,1432008000
14395,114,3369,-1,1417064400
14396,114,145,-1,1411963200
14397,114,469,-5,1421816400
14398,114,7560,-9,1403928000
14492,708,116,-1,1396411200
14524,116,7604,-10,1376625600
14563,798,117,-1,1330059600
14602,117,798,-1,1329714000
14603,117,796,-1,1330923600
14604,117,7425,-5,1337054400
14642,118,398,-1,1395892800
14643,118,7597,-10,1376452800
14662,6369,119,-5,1368158400
14792,122,7565,-1,1352178000
14822,123,7540,-10,1354856400
14823,123,7556,-10,1354856400
14852,188,124,-1,1358658000
14853,3079,124,-5,1363665600
14854,7595,124,-10,1364875200
14855,332,124,-10,1364270400
14856,228,124,-10,1364270400
14927,7502,125,-10,1399867200
14928,7568,125,-10,1398744000
14967,125,3362,-1,1415768400
14968,125,7367,-1,1412913600
14969,125,1032,-1,1397966400
14970,125,7502,-10,1402891200
14971,125,7568,-10,1398744000
14972,125,2225,-10,1383451200
14973,125,7431,-10,1362805200
15008,126,374,-10,1425960000
15009,126,7552,-10,1398312000
15010,126,690,-10,1397016000
15080,128,7597,-10,1376280000
15094,7595,129,-1,1351656000
15253,130,7604,-10,1365048000
15373,133,798,-1,1337832000
15395,134,7603,-10,1366776000
15396,134,7604,-10,1366776000
15433,135,7577,-1,1353387600
15463,136,7604,-10,1364961600
15557,139,2257,-1,1363233600
15558,139,7603,-10,1346731200
15591,140,7498,-10,1309233600
15622,141,7481,-10,1411963200
15623,141,7591,-10,1409716800
15648,272,142,-5,1326344400
15672,142,272,-10,1329454800
15712,143,7604,-10,1364443200
15785,897,145,-1,1433131200
15786,2293,145,-1,1418878800
15787,332,145,-1,1380081600
15788,337,145,-3,1418706000
15789,2336,145,-6,1418706000
15790,201,145,-10,1368072000
15791,506,145,-10,1368072000
15792,381,145,-10,1367208000
15793,7594,145,-10,1357880400
15794,7565,145,-10,1348545600
15795,7536,145,-10,1348545600
15796,7517,145,-10,1348545600
15797,5533,145,-10,1348545600
15798,7440,145,-10,1309579200
15799,7328,145,-10,1309579200
15829,145,7502,-1,1399867200
15830,145,201,-1,1368072000
15831,145,506,-1,1368072000
15832,145,941,-1,1362459600
15833,145,332,-1,1380081600
15834,145,381,-1,1367208000
15835,145,639,-1,1334376000
15836,145,7550,-2,1359522000
15837,145,7334,-5,1355979600
15838,145,7588,-5,1345348800
15839,145,7594,-10,1362805200
15840,145,7440,-10,1350705600
15841,145,7536,-10,1348545600
15842,145,7517,-10,1348545600
15843,145,5533,-10,1348545600
15844,145,7565,-10,1348545600
15845,145,7600,-10,1362459600
15846,145,7593,-10,1334376000
15847,145,7328,-10,1309233600
15941,148,7603,-10,1347854400
15966,2376,149,-1,1374638400
16016,222,150,-2,1405828800
16017,7564,150,-10,1308628800
16048,150,7599,-10,1364443200
16049,150,7602,-10,1364443200
16050,150,7601,-10,1364443200
16051,150,7598,-10,1364443200
16052,150,7604,-10,1364443200
16053,150,7564,-10,1307764800
16070,7340,151,-5,1357102800
16087,151,7340,-2,1376366400
16199,154,7604,-10,1366084800
16237,155,7415,-1,1385874000
16238,155,7547,-10,1314936000
16287,156,7604,-10,1369108800
16302,188,157,-1,1360904400
16316,157,7604,-10,1397793600
16317,157,7600,-10,1397793600
16336,7565,159,-10,1348545600
16337,7536,159,-10,1348545600
16338,7517,159,-10,1348545600
16345,159,7565,-10,1346990400
16346,159,7589,-10,1304913600
16382,188,161,-1,1357102800
16406,161,798,-1,1338350400
16459,163,7560,-10,1404532800
16473,1393,164,-1,1419829200
16483,164,1393,-1,1417669200
16497,165,7161,-1,1411963200
16523,7536,166,-10,1348545600
16524,7517,166,-10,1348545600
16525,5533,166,-10,1348545600
16526,7565,166,-10,1348545600
16557,166,7603,-7,1346212800
16558,166,7517,-10,1348632000
16559,166,7536,-10,1348632000
16560,166,5533,-10,1348632000
16561,166,7565,-10,1348632000
16611,168,7602,-10,1364529600
16612,168,7601,-10,1364529600
16613,168,7599,-10,1364529600
16614,168,7598,-10,1364529600
16615,168,7604,-10,1364356800
16665,272,170,-3,1330405200
16681,170,272,-3,1365912000
16682,170,7604,-10,1364875200
16726,172,7604,-10,1364356800
16763,173,7559,-10,1392267600
16764,173,7567,-10,1386565200
16781,174,7343,-1,1372996800
16782,174,775,-1,1371528000
16783,174,7595,-1,1366603200
16784,174,185,-10,1406692800
16785,174,177,-10,1370491200
16834,2634,176,-1,1353474000
16835,491,176,-1,1408075200
16836,1134,176,-10,1360040400
16837,196,176,-10,1357448400
16851,176,7603,-1,1347768000
16976,279,177,-1,1397448000
16977,7595,177,-1,1364875200
16978,491,177,-5,1367035200
16979,278,177,-6,1403755200
16980,245,177,-10,1409025600
16981,179,177,-10,1403323200
16982,286,177,-10,1380772800
16983,7604,177,-10,1374206400
16984,7598,177,-10,1374206400
16985,7599,177,-10,1374206400
16986,7601,177,-10,1374206400
16987,7602,177,-10,1374206400
16988,1691,177,-10,1372564800
16989,244,177,-10,1365134400
16990,269,177,-10,1392094800
16991,7584,177,-10,1359003600
16992,188,177,-10,1374206400
16993,196,177,-10,1374206400
16994,371,177,-10,1395288000
16995,7565,177,-10,1352091600
17126,177,7588,-1,1345348800
17127,177,357,-3,1350792000
17128,177,2280,-9,1357362000
17129,177,7598,-10,1364270400
17130,177,7601,-10,1364270400
17131,177,7599,-10,1364270400
17132,177,7604,-10,1364184000
17133,177,7530,-10,1359003600
17134,177,7581,-10,1359003600
17135,177,7584,-10,1359003600
17136,177,7590,-10,1350187200
17137,177,7517,-10,1349150400
17138,177,7565,-10,1349150400
17139,177,7536,-10,1349150400
17140,177,5533,-10,1349150400
17141,177,7583,-10,1338004800
17142,177,798,-10,1358744400
17209,179,7383,-2,1401768000
17210,179,7552,-8,1403323200
17211,179,7603,-10,1403323200
17212,179,7602,-10,1364270400
17213,179,7601,-10,1364270400
17214,179,7599,-10,1364270400
17215,179,7598,-10,1364270400
17216,179,7604,-10,1364184000
17217,179,7600,-10,1358485200
17218,179,7527,-10,1358485200
17219,179,7334,-10,1358485200
17274,181,7589,-10,1305172800
17275,181,7582,-10,1305000000
17312,182,7604,-10,1372824000
17347,183,7587,-10,1308024000
17348,183,7570,-10,1310011200
17378,184,7604,-10,1364443200
17391,596,185,-5,1376280000
17392,245,185,-10,1393477200
17447,1762,188,-1,1343016000
17448,2336,188,-5,1406001600
17449,7550,188,-9,1360558800
17450,7604,188,-10,1374206400
17451,7598,188,-10,1374206400
17452,7599,188,-10,1374206400
17453,7601,188,-10,1374206400
17454,7602,188,-10,1374206400
17455,7594,188,-10,1357880400
17469,188,815,-1,1357189200
17470,188,1762,-1,1341460800
17471,188,7579,-2,1340164800
17472,188,7551,-9,1367812800
17473,188,7594,-9,1367812800
17474,188,7602,-10,1374206400
17475,188,7601,-10,1374206400
17476,188,7598,-10,1374206400
17477,188,7599,-10,1364270400
17478,188,7334,-10,1364270400
17479,188,7604,-10,1364184000
17480,188,7550,-10,1386910800
17481,188,7540,-10,1354338000
17482,188,7460,-10,1347854400
17483,188,7600,-10,1347595200
17513,7562,190,-10,1341288000
17532,190,798,-1,1337227200
17533,190,7580,-1,1348545600
17534,190,7400,-10,1339214400
17535,190,7562,-10,1350360000
17576,192,7552,-2,1393304400
17592,193,4057,-1,1329541200
17593,193,7332,-1,1334462400
17594,193,7388,-5,1329541200
17605,798,194,-1,1335931200
17614,194,798,-1,1329714000
17652,196,7603,-1,1346040000
17653,196,7604,-10,1366084800
17687,198,7604,-10,1364616000
17688,198,7527,-10,1355115600
17721,199,257,-10,1359867600
17802,647,204,-1,1395374400
17864,206,588,-1,1386910800
17865,206,284,-1,1386910800
17866,206,632,-1,1386910800
17867,206,7550,-2,1386997200
17868,206,7531,-10,1393477200
17869,206,7521,-10,1393477200
17870,206,7514,-10,1376884800
17878,207,7595,-10,1365739200
17890,208,7578,-1,1374292800
17947,211,1292,-1,1324098000
17948,211,7592,-10,1327986000
17996,530,214,-1,1387083600
18009,214,7513,-10,1347940800
18036,690,216,-1,1343361600
18045,216,7604,-10,1368072000
18085,217,1292,-1,1325566800
18106,218,7604,-10,1365220800
18166,2336,222,-3,1405828800
18180,222,2336,-10,1405828800
18255,225,7413,-10,1305172800
18276,700,226,-3,1350964800
18277,5342,226,-3,1350532800
18300,226,7519,-10,1308110400
18314,227,7604,-10,1364616000
18325,228,7604,-10,1372305600
18354,2336,230,-2,1412654400
18393,233,269,-1,1398312000
18394,233,3428,-2,1430539200
18449,237,7590,-10,1350187200
18483,7336,239,-10,1353128400
18502,239,7336,-4,1353646800
18548,243,890,-1,1382328000
18565,2318,244,-1,1369800000
18566,7584,244,-10,1359003600
18580,244,7584,-10,1359003600
18591,7562,245,-10,1365998400
18602,245,7560,-10,1414382400
18603,245,7600,-10,1409025600
18604,245,7604,-10,1409025600
18605,245,7497,-10,1409025600
18606,245,7562,-10,1396497600
18607,245,7559,-10,1392699600
18628,430,247,-1,1377835200
18636,247,430,-1,1394341200
18644,1336,248,-1,1379217600
18661,7595,249,-10,1364616000
18671,249,7604,-10,1364616000
18672,249,7595,-10,1364616000
18673,249,656,-10,1359694800
18730,252,7564,-3,1307851200
18731,252,7604,-10,1364961600
18744,253,7557,-10,1312516800
18830,256,7592,-10,1327986000
18853,7398,258,-1,1387083600
18891,259,7604,-10,1365912000
18920,260,7604,-10,1365220800
18958,264,798,-10,1337227200
18991,269,7552,-10,1393304400
18992,269,801,-10,1392094800
18993,269,7415,-10,1392094800
19002,270,7455,-10,1321160400
19012,277,272,-1,1329541200
19013,1292,272,-10,1325653200
19020,272,277,-1,1331611200
19021,272,7571,-10,1314504000
19022,272,7576,-10,1314504000
19023,272,798,-10,1337832000
19024,272,7566,-10,1335240000
19025,272,7593,-10,1334116800
19026,272,7577,-10,1332734400
19027,272,7534,-10,1331611200
19028,272,7557,-10,1314504000
19029,272,7572,-10,1314504000
19030,272,7596,-10,1308196800
19031,272,7564,-10,1309924800
19094,277,7564,-10,1333425600
19111,278,1638,-3,1351310400
19112,278,7565,-10,1351742400
19113,278,7603,-10,1348027200
19114,278,7588,-10,1348027200
19146,491,281,-5,1408075200
19159,281,3443,-1,1450760400
19160,281,3445,-1,1450242000
19161,281,302,-1,1450242000
19162,281,766,-1,1441684800
19163,281,491,-5,1401768000
19171,410,282,-5,1344312000
19204,284,7372,-10,1322456400
19222,285,7588,-6,1345348800
19232,286,7399,-2,1407556800
19233,286,7603,-10,1406347200
19234,286,7591,-10,1409716800
19235,286,7579,-10,1369972800
19236,286,7556,-10,1355979600
19240,1691,287,-3,1353819600
19259,2336,288,-10,1421643600
19285,289,7467,-10,1365480000
19311,2336,292,-1,1399262400
19334,5342,294,-3,1350619200
19411,300,7564,-1,1314417600
19418,301,7604,-10,1366084800
19423,498,302,-1,1406174400
19424,824,302,-2,1407211200
19439,5342,303,-3,1351396800
19561,312,7604,-10,1367812800
19588,314,7564,-10,1309233600
19611,316,7592,-10,1328072400
19623,318,7604,-10,1371096000
19658,5342,323,-3,1363665600
19685,324,7569,-10,1304481600
19714,327,7604,-10,1365307200
19727,5342,328,-3,1351051200
19749,329,7604,-10,1364270400
19762,330,7509,-1,1365048000
19763,330,7604,-5,1364270400
19764,330,7600,-5,1364270400
19765,330,7555,-10,1353560400
19798,332,7337,-1,1354683600
19805,333,7604,-10,1364270400
19810,335,7525,-10,1374465600
19824,7386,337,-1,1450328400
19829,337,7386,-2,1433304000
20001,5342,353,-3,1350619200
20016,354,7564,-4,1346904000
20049,5342,357,-3,1350792000
20060,498,358,-1,1420088400
20063,358,7604,-10,1365739200
20064,358,7603,-10,1347336000
20098,360,7388,-1,1331096400
20099,360,7603,-5,1347076800
20100,360,7604,-10,1364875200
20112,2192,362,-3,1390107600
20162,367,7587,-10,1307592000
20182,369,7604,-10,1364529600
20224,373,7338,-1,1352091600
20230,2336,374,-3,1412740800
20251,375,7578,-10,1409716800
20252,375,7591,-10,1409716800
20303,382,7589,-6,1304913600
20310,5342,383,-3,1351051200
20338,385,7570,-10,1310011200
20346,386,7564,-10,1313380800
20394,393,7333,-1,1340424000
20395,393,7410,-1,1339214400
20433,2336,400,-2,1412308800
20464,1159,403,-1,1365825600
20517,5342,406,-3,1363665600
20598,412,716,-10,1366516800
20632,417,7591,-5,1410408000
20633,417,754,-10,1407038400
20634,417,7512,-10,1405224000
20691,424,645,-10,1377921600
20695,425,7570,-10,1310097600
20713,428,7600,-10,1352955600
20722,430,7509,-2,1365048000
20729,7398,431,-5,1386306000
20736,431,493,-10,1365480000
20771,433,7595,-1,1367294400
20772,433,7541,-10,1366603200
20795,436,7437,-10,1303790400
20810,438,5140,-1,1337832000
20848,442,7402,-10,1304913600
20849,442,7511,-10,1304654400
20853,824,443,-1,1396238400
20857,443,7387,-1,1324357200
20858,443,7564,-10,1309752000
20869,3172,444,-5,1368936000
20880,444,7524,-10,1307678400
20892,5342,447,-5,1353042000
20912,449,7587,-10,1307592000
20949,454,7552,-1,1392354000
21033,467,701,-10,1385528400
21037,906,469,-1,1450846800
21038,2336,469,-9,1421816400
21068,474,7603,-10,1346817600
21109,5342,478,-3,1350619200
21133,480,7533,-10,1308024000
21149,484,1322,-2,1403496000
21150,485,7331,-1,1327208400
21185,824,491,-2,1401422400
21186,7518,491,-2,1360472400
21187,2336,491,-3,1408248000
21188,1147,491,-3,1401422400
21206,491,824,-1,1408075200
21207,491,2336,-2,1408248000
21208,491,7602,-10,1367035200
21209,491,7601,-10,1367035200
21210,491,7599,-10,1367035200
21211,491,7598,-10,1367035200
21212,491,7604,-10,1367035200
21213,491,7518,-10,1420174800
21214,491,7603,-10,1352610000
21238,496,7558,-1,1385010000
21244,708,498,-10,1408420800
21247,498,7384,-1,1413777600
21248,498,708,-1,1408507200
21249,498,7560,-1,1404532800
21294,5342,507,-3,1350619200
21307,508,7589,-10,1304913600
21350,5342,516,-3,1362718800
21355,517,7603,-10,1346904000
21358,1859,518,-10,1375243200
21392,526,1826,-1,1406606400
21445,534,7582,-10,1304740800
21465,5342,536,-3,1350792000
21477,536,7596,-10,1307332800
21506,7519,541,-10,1307678400
21516,541,7519,-10,1308110400
21525,542,7557,-5,1312516800
21531,544,7547,-1,1314504000
21532,544,926,-5,1313899200
21589,553,7603,-10,1346212800
21594,762,555,-1,1388552400
21616,564,748,-10,1362459600
21681,577,7576,-5,1308024000
21712,585,7600,-5,1347076800
21713,585,7604,-10,1366430400
21729,587,7603,-1,1346126400
21751,591,7528,-10,1349582400
21757,593,7441,-9,1342929600
21758,593,7397,-10,1342929600
21810,603,7552,-10,1392354000
21873,7576,614,-10,1308024000
21874,941,614,-10,1346904000
21880,614,7571,-1,1308024000
21881,614,7520,-1,1308024000
21882,614,7576,-10,1308024000
21883,614,941,-10,1370491200
21914,619,7561,-10,1309320000
21921,620,7596,-10,1307332800
21950,627,7549,-10,1351828800
21959,629,7564,-10,1314590400
21985,639,7593,-5,1334116800
21993,762,641,-10,1393736400
21999,641,762,-1,1399003200
22028,647,7503,-1,1408334400
22029,647,7532,-5,1407988800
22030,647,7522,-5,1407988800
22031,647,7523,-5,1407988800
22032,647,7544,-5,1407988800
22033,647,7545,-10,1410062400
22068,7529,656,-10,1351742400
22073,656,7529,-10,1351396800
22175,5342,680,-3,1351656000
22188,681,7564,-10,1318996800
22220,5342,686,-1,1357102800
22222,686,798,-1,1335067200
22227,687,7593,-10,1334116800
22229,7594,688,-10,1357880400
22233,5342,689,-5,1351915200
22253,694,7588,-10,1353646800
22295,708,7382,-1,1392181200
22296,708,7604,-10,1398312000
22297,708,5679,-10,1395633600
22298,708,7496,-10,1392181200
22299,708,7489,-10,1392008400
22300,708,7487,-10,1392008400
22301,708,7495,-10,1392008400
22302,708,7494,-10,1392008400
22303,708,7493,-10,1392008400
22304,708,7492,-10,1392008400
22305,708,7491,-10,1392008400
22306,708,7490,-10,1392008400
22307,708,7486,-10,1392008400
22308,708,7488,-10,1392008400
22363,720,7546,-1,1308542400
22387,729,4311,-1,1308888000
22426,740,7603,-10,1378612800
22444,813,748,-1,1354338000
22448,748,813,-4,1355374800
22482,759,7597,-10,1376884800
22525,775,7449,-10,1306814400
22526,775,7589,-10,1305172800
22527,5342,777,-7,1351656000
22546,1159,785,-10,1366776000
22557,791,7564,-10,1310961600
22558,791,7414,-10,1310875200
22559,791,7396,-10,1310875200
22560,791,7409,-10,1310875200
22561,791,7395,-10,1310875200
22562,791,7571,-10,1310875200
22563,791,7520,-10,1310875200
22572,1159,792,-10,1368504000
22581,792,7453,-10,1312344000
22630,949,798,-1,1332907200
22631,7550,798,-10,1359694800
22671,798,949,-1,1332907200
22674,824,801,-2,1401508800
22677,801,7604,-10,1367640000
22696,813,7600,-10,1352955600
22704,815,7581,-10,1358485200
22722,824,2828,-1,1400472000
22723,824,7552,-1,1393477200
22724,824,7415,-1,1392786000
22725,824,958,-2,1403928000
22743,838,7335,-10,1451278800
22780,854,7603,-10,1350619200
22799,1159,863,-10,1366344000
22839,7476,876,-10,1387083600
22843,876,7476,-10,1389157200
22871,892,7375,-10,1369022400
22882,7386,902,-1,1450414800
22886,2336,905,-2,1418101200
22897,906,7325,-1,1446350400
22943,933,7579,-2,1340164800
22955,7594,937,-10,1357880400
22961,937,7594,-5,1357880400
22962,937,7551,-5,1356843600
23011,967,7581,-5,1358485200
23018,1159,973,-1,1366516800
23026,979,7550,-3,1386997200
23027,980,7512,-10,1404273600
23037,988,7596,-10,1307332800
23051,5342,994,-3,1351656000
23054,995,1210,-4,1307851200
23095,1020,7583,-1,1338264000
23102,1024,7575,-10,1386133200
23112,1036,7515,-10,1369713600
23119,1038,7458,-10,1340251200
23243,1134,7580,-5,1349841600
23244,1134,7603,-10,1346817600
23245,1134,7400,-10,1342238400
23246,1134,7562,-10,1342238400
23263,1153,7411,-10,1345435200
23271,1158,7603,-10,1346904000
23272,1159,7528,-5,1349582400
23273,1159,3774,-10,1366257600
23274,1159,7602,-10,1364529600
23275,1159,7601,-10,1364529600
23276,1159,7599,-10,1364529600
23277,1159,7598,-10,1364529600
23278,1159,7604,-10,1365048000
23279,1159,7586,-10,1351656000
23289,1171,7595,-1,1364875200
23306,1187,7541,-10,1369454400
23333,1221,7603,-10,1346731200
23344,1227,7401,-10,1310616000
23354,5342,1235,-5,1352091600
23364,1243,7508,-10,1306468800
23372,7564,1249,-10,1308542400
23374,1249,7564,-1,1307851200
23411,2139,1292,-1,1325566800
23436,5342,1328,-5,1353387600
23468,1380,7346,-1,1384059600
23479,2336,1388,-5,1412740800
23484,1388,7273,-1,1420002000
23496,5342,1401,-5,1352091600
23542,1456,7603,-1,1359003600
23592,1518,7586,-10,1351656000
23593,1522,7537,-10,1350360000
23594,1522,7506,-10,1350360000
23596,1524,7590,-10,1350187200
23610,1568,7597,-10,1376452800
23611,1568,7595,-10,1367899200
23614,1581,7420,-10,1379822400
23626,5342,1611,-5,1362200400
23649,2655,1638,-10,1314590400
23650,7592,1646,-1,1327986000
23661,1654,7546,-10,1308974400
23684,1683,7524,-10,1307592000
23692,7599,1691,-10,1374206400
23693,7601,1691,-10,1374206400
23694,7602,1691,-10,1374206400
23695,7595,1691,-10,1363924800
23697,1691,7509,-10,1364961600
23698,1691,7601,-10,1364356800
23699,1691,7599,-10,1364356800
23700,1691,7598,-10,1364356800
23701,1691,7604,-10,1364356800
23702,1691,7602,-10,1364270400
23703,1691,7595,-10,1363579200
23704,1691,7574,-10,1360645200
23705,1691,7600,-10,1360213200
23708,1694,7451,-10,1311566400
23738,1760,7566,-10,1334376000
23752,1778,7416,-10,1339387200
23766,3079,1811,-10,1358571600
23771,1830,7554,-10,1362974400
23814,1930,7569,-10,1304395200
23816,1935,7569,-10,1304395200
23847,2048,7561,-10,1309233600
23852,2067,7450,-10,1308628800
23857,2101,7452,-10,1310443200
23869,2155,7344,-1,1381291200
23888,2231,7565,-10,1342065600
23893,2244,7539,-10,1354078800
23894,2244,7462,-10,1352955600
23895,2244,7600,-10,1351396800
23905,2336,2293,-2,1413259200
23914,2331,7552,-1,1393477200
23920,2380,2336,-5,1405569600
23921,7544,2336,-10,1407988800
23934,2336,6921,-1,1424322000
23935,2336,7398,-1,1398916800
23936,2336,3286,-1,1423112400
23937,2336,7364,-1,1403496000
23938,2336,7560,-2,1412740800
23939,2336,7393,-2,1413604800
23940,2336,7385,-5,1419742800
23941,2336,7604,-8,1407729600
23947,2380,7549,-10,1405483200
23952,2391,7390,-10,1379131200
23954,2396,7444,-10,1385010000
23955,2396,6369,-10,1385010000
23966,2487,7589,-1,1305000000
23978,2787,7403,-10,1340164800
23987,2866,7442,-5,1339560000
23991,3002,7594,-10,1357880400
23997,3097,7389,-10,1356325200
24004,3180,7327,-10,1366689600
24010,3270,7436,-10,1387256400
24019,5342,4934,-5,1385787600
24020,5029,7564,-10,1327294800
24021,7509,5342,-10,1364961600
24022,7595,5342,-10,1364616000
24023,7584,5342,-10,1359003600
24024,7586,5342,-10,1351569600
24025,7565,5342,-10,1344916800
24026,5342,7482,-3,1346990400
24027,5342,7500,-3,1346990400
24028,5342,7584,-4,1358917200
24029,5342,7392,-5,1385269200
24030,5342,7405,-5,1359781200
24031,5342,7407,-5,1359781200
24032,5342,7556,-5,1353992400
24033,5342,7509,-8,1365048000
24034,5342,7418,-8,1373169600
24035,5342,7595,-8,1363579200
24036,5342,7530,-10,1358485200
24037,5342,7581,-10,1358485200
24038,5342,7551,-10,1357880400
24039,5342,7594,-10,1357880400
24040,5342,7430,-10,1357707600
24041,5342,5389,-10,1355979600
24042,5342,7600,-10,1355202000
24043,5342,7427,-10,1354510800
24044,5342,7538,-10,1354338000
24045,5342,7373,-10,1354683600
24046,5342,7586,-10,1354597200
24047,5342,7590,-10,1354338000
24048,5342,7565,-10,1350360000
24049,5342,7588,-10,1357189200
24059,5837,7465,-10,1358744400
24060,6369,7444,-5,1395806400
24062,7398,7328,-10,1386651600
24064,7328,7564,-10,1310011200
24073,7502,7363,-1,1399867200
24074,7363,7502,-1,1399867200
24075,7564,7372,-10,1308542400
24076,7372,7564,-1,1307678400
24077,7564,7374,-10,1308542400
24078,7374,7564,-10,1308110400
24079,7397,7376,-2,1335499200
24083,7576,7394,-10,1308024000
24084,7394,7576,-1,1308024000
24085,7394,7571,-1,1308024000
24086,7394,7520,-1,1308024000
24090,7397,7504,-2,1335499200
24091,7398,7552,-10,1398571200
24093,7402,7511,-3,1304654400
24101,7591,7422,-5,1408680000
24103,7603,7424,-10,1318996800
24104,7529,7428,-10,1351742400
24105,7428,7529,-10,1351396800
24110,7595,7461,-10,1355288400
24111,7461,7595,-10,1355115600
24112,7558,7466,-10,1384837200
24113,7466,7558,-10,1384837200
24123,7564,7498,-10,1308542400
24125,7565,7504,-3,1335672000
24132,7514,7604,-10,1366084800
24137,7517,7553,-10,1348545600
24138,7518,7580,-5,1349582400
24139,7518,7603,-10,1350100800
24150,7536,7553,-10,1348545600
24155,7565,7553,-10,1348545600
24156,7553,7565,-10,1346990400
24157,7553,7603,-10,1348200000
24158,7595,7556,-10,1354338000
24161,7564,7596,-10,1307332800
24164,7595,7604,-10,1364616000
24172,7598,7603,-10,1364270400
24185,7604,7603,-10,1364270400
